﻿<?xml version="1.0" encoding="utf-8" ?>
<ripple xmlns:android="http://schemas.android.com/apk/res/android"
    android:color="@color/colorPrimaryDark">
  <item android:id="@android:id/mask">
    <shape android:shape="rectangle">
      <solid android:color="@color/colorPrimaryDark" />
    </shape>
  </item>
  <item android:id="@android:id/background" android:top="-2dp" android:bottom="-2dp">
    <shape android:shape="rectangle">
      <stroke android:width="1dp" android:color="@color/divider_light" />
      <gradient
          android:angle="90"
          android:startColor="@color/white_background"
          android:endColor="@color/white_background"
          android:type="linear" />
    </shape>
  </item>
</ripple>