﻿<?xml version="1.0" encoding="utf-8" ?>
<layer-list xmlns:android="http://schemas.android.com/apk/res/android">
  <item>
    <shape android:shape="rectangle"/>
  </item>
  <item
      android:bottom="50dp"
      android:left="-90dp"
      android:right="-90dp"
      android:top="-80dp">
    <shape android:shape="oval">
      <solid android:color="@color/colorPrimary" />
    </shape>
  </item>
  <!-- Border at top -->
  <!--<item android:right="-1dp" android:left="-1dp" android:bottom="-1dp">
    <shape android:shape="rectangle">
      <stroke
        android:width="1dp"
        android:color="@color/divider_dark" />
    </shape>
  </item>-->
</layer-list>
<!--<selector xmlns:android="http://schemas.android.com/apk/res/android">
  <item>
    <shape>
      <gradient
          android:angle="270"
          android:startColor="@color/colorPrimary"
          android:endColor="@color/white_background"
          android:type="linear" />
    </shape>
  </item>
</selector>-->