﻿<?xml version="1.0" encoding="utf-8" ?>
<!--<bitmap xmlns:android="http://schemas.android.com/apk/res/android"
android:gravity="center"
android:src="@drawable/logo_1" />-->
<layer-list xmlns:android="http://schemas.android.com/apk/res/android">
  <item>
    <shape android:shape="rectangle">
      <solid android:color="#2c3e50" />
    </shape>
  </item>
  <item>
    <bitmap
        android:src="@drawable/app_icon_white_splash_320x420"
        android:gravity="center" />
  </item>
</layer-list>