﻿<?xml version="1.0" encoding="utf-8" ?>
<layer-list xmlns:android="http://schemas.android.com/apk/res/android">
  <item android:right="-2dp" android:left="-2dp" android:top="-2dp">
    <shape android:shape="rectangle">
      <stroke android:width="1dp" android:color="@color/divider_dark" />
      <solid android:color="@color/colorPrimary" />
    </shape>
  </item>  
  <!-- Border at top -->
  <!--<item android:right="-1dp" android:left="-1dp" android:top="-1dp">
    <shape android:shape="rectangle">
      <stroke
        android:width="1dp"
        android:color="@color/divider_dark" />
    </shape>
  </item>-->
</layer-list>
<!--<selector xmlns:android="http://schemas.android.com/apk/res/android">
  <item>
    <shape>
      <gradient
          android:angle="270"
          android:startColor="@color/colorPrimary"
          android:endColor="@color/white_background"
          android:type="linear" />
    </shape>
  </item>
</selector>-->