<?xml version="1.0" encoding="utf-8"?>
<resources>
  <color name="colorPrimary">#2c3e50</color>
  <color name="colorPrimaryDark">#1B3147</color>
  <color name="colorAccent">#3498db</color>

  <color name="disabled_tab">#617487</color>
  <color name="divider_dark">#475059</color>
  <color name="divider_light">#dadada</color>

  <color name="white_text">#fefefe</color>
  <color name="white_background">#f7f7f7</color>
  <color name="lightgray_background">#ededed</color>
  
  <color name="black_text">#010101</color>
</resources>
